,sym_1,sym_2,p_value,t_value,c_value,hedge_ratio,zero_crossings
376,LPTUSDT,1000BTTUSDT,0.03,-3.56,-3.37,11424.23,65
387,NEOUSDT,AKROUSDT,0.03,-3.59,-3.37,2379.02,50
395,ONTUSDT,SLPUSDT,0.0,-4.44,-3.37,67.07,50
879,XNOUSDT,LPTUSDT,0.04,-3.4,-3.37,0.08,49
290,BSVUSDT,AKROUSDT,0.0,-4.31,-3.37,13300.97,49
329,ETHUSDT,AKROUSDT,0.0,-5.8,-3.37,450766.11,48
388,ONTUSDT,1000BTTUSDT,0.01,-3.79,-3.37,273.12,46
331,ETHUSDT,ALICEUSDT,0.0,-5.71,-3.37,977.91,44
311,DODOUSDT,1000BTTUSDT,0.01,-4.04,-3.37,162.54,44
567,REQUSDT,MTLUSDT,0.02,-3.6,-3.37,0.11,43
822,VETUSDT,LPTUSDT,0.02,-3.74,-3.37,0.0,42
576,RSRUSDT,ADAUSDT,0.0,-4.53,-3.37,0.02,42
327,ETHUSDT,ADAUSDT,0.0,-5.54,-3.37,3984.19,42
628,STMXUSDT,1000BTTUSDT,0.01,-3.78,-3.37,8.37,42
25,1000BTTUSDT,ADAUSDT,0.01,-3.8,-3.37,0.0,42
675,SUNUSDT,CELUSDT,0.01,-3.94,-3.37,0.01,42
558,REQUSDT,LPTUSDT,0.0,-4.17,-3.37,0.01,42
35,1000XECUSDT,CTKUSDT,0.01,-3.91,-3.37,0.05,42
334,ETHUSDT,ANTUSDT,0.0,-5.14,-3.37,903.13,42
881,XNOUSDT,RUNEUSDT,0.03,-3.57,-3.37,0.48,42
47,1INCHUSDT,ICPUSDT,0.01,-3.9,-3.37,0.12,42
379,LPTUSDT,ADAUSDT,0.03,-3.55,-3.37,22.92,41
124,ANKRUSDT,STXUSDT,0.02,-3.75,-3.37,0.09,41
324,ETHUSDT,1INCHUSDT,0.0,-6.76,-3.37,2663.48,40
315,DODOUSDT,ADAUSDT,0.01,-4.09,-3.37,0.33,40
328,ETHUSDT,AGLDUSDT,0.0,-5.25,-3.37,4899.55,40
321,ETHUSDT,1000BTTUSDT,0.0,-6.66,-3.37,1985614.4,40
520,REQUSDT,ETHUSDT,0.01,-3.94,-3.37,0.0,40
838,WOOUSDT,FLOWUSDT,0.0,-4.36,-3.37,0.11,40
281,BALUSDT,ADAUSDT,0.01,-4.09,-3.37,16.64,39
378,LPTUSDT,AAVEUSDT,0.0,-4.94,-3.37,0.11,39
30,1000BTTUSDT,RVNUSDT,0.02,-3.6,-3.37,0.03,39
28,1000BTTUSDT,ICXUSDT,0.0,-4.14,-3.37,0.0,39
24,1000BTTUSDT,AAVEUSDT,0.02,-3.7,-3.37,0.0,39
312,DODOUSDT,1000XECUSDT,0.03,-3.55,-3.37,3.49,39
320,ETHUSDT,10000NFTUSDT,0.0,-5.21,-3.37,256020.77,38
326,ETHUSDT,ACHUSDT,0.0,-5.34,-3.37,136629.4,38
374,KNCUSDT,ADAUSDT,0.02,-3.66,-3.37,2.23,38
342,GLMRUSDT,ADAUSDT,0.0,-4.33,-3.37,1.17,38
874,XNOUSDT,DOTUSDT,0.0,-4.27,-3.37,0.11,38
333,ETHUSDT,ANKRUSDT,0.0,-5.67,-3.37,55459.66,38
32,1000BTTUSDT,SLPUSDT,0.0,-4.12,-3.37,0.25,38
596,RSRUSDT,GRTUSDT,0.03,-3.56,-3.37,0.08,38
631,STMXUSDT,ADAUSDT,0.01,-3.94,-3.37,0.02,38
323,ETHUSDT,1000XECUSDT,0.0,-6.06,-3.37,42637.25,38
325,ETHUSDT,AAVEUSDT,0.0,-6.72,-3.37,19.34,38
647,STMXUSDT,LOOKSUSDT,0.04,-3.46,-3.37,0.03,38
110,ALPHAUSDT,DOTUSDT,0.02,-3.66,-3.37,0.02,38
641,STMXUSDT,ETHUSDT,0.01,-3.98,-3.37,0.0,38
639,STMXUSDT,DODOUSDT,0.0,-4.88,-3.37,0.05,37
630,STMXUSDT,AAVEUSDT,0.0,-4.81,-3.37,0.0,37
314,DODOUSDT,AAVEUSDT,0.01,-4.1,-3.37,0.0,37
583,RSRUSDT,BCHUSDT,0.0,-5.06,-3.37,0.0,36
884,XNOUSDT,STXUSDT,0.02,-3.73,-3.37,2.36,36
120,ANKRUSDT,LPTUSDT,0.01,-3.82,-3.37,0.0,36
875,XNOUSDT,FLMUSDT,0.0,-4.75,-3.37,6.55,36
518,REQUSDT,EOSUSDT,0.04,-3.44,-3.37,0.1,36
581,RSRUSDT,BALUSDT,0.0,-4.33,-3.37,0.0,36
594,RSRUSDT,GLMRUSDT,0.0,-4.36,-3.37,0.01,36
20,10000NFTUSDT,XLMUSDT,0.03,-3.56,-3.37,0.06,36
764,USDCUSDT,ETHUSDT,0.0,-6.23,-3.37,0.0,36
39,1INCHUSDT,ADAUSDT,0.04,-3.42,-3.37,1.5,36
21,10000NFTUSDT,XRPUSDT,0.01,-3.96,-3.37,0.01,36
308,CROUSDT,AAVEUSDT,0.02,-3.6,-3.37,0.0,35
67,ACHUSDT,BITUSDT,0.0,-4.13,-3.37,0.03,35
870,XNOUSDT,AAVEUSDT,0.01,-3.82,-3.37,0.01,35
322,ETHUSDT,1000LUNCUSDT,0.0,-5.24,-3.37,6748.59,35
336,GLMRUSDT,1000BTTUSDT,0.01,-3.96,-3.37,583.26,34
298,BTCUSDT,ADAUSDT,0.0,-5.1,-3.37,50743.46,34
696,USDCUSDT,1000XECUSDT,0.0,-5.85,-3.37,26.27,34
52,1INCHUSDT,RENUSDT,0.0,-5.46,-3.37,4.85,34
372,KNCUSDT,1000BTTUSDT,0.02,-3.63,-3.37,1109.99,34
330,ETHUSDT,ALGOUSDT,0.0,-5.01,-3.37,4715.55,34
677,SUNUSDT,DOTUSDT,0.04,-3.4,-3.37,0.0,34
332,ETHUSDT,ALPHAUSDT,0.0,-5.24,-3.37,13891.57,34
803,USDCUSDT,LPTUSDT,0.0,-5.93,-3.37,0.11,34
12,10000NFTUSDT,FITFIUSDT,0.02,-3.66,-3.37,0.12,34
117,ANKRUSDT,FLMUSDT,0.01,-3.88,-3.37,0.26,34
116,ANKRUSDT,DODOUSDT,0.0,-4.79,-3.37,0.22,34
98,ACHUSDT,REEFUSDT,0.01,-3.84,-3.37,2.2,33
115,ANKRUSDT,AAVEUSDT,0.01,-4.05,-3.37,0.0,33
446,QTUMUSDT,SRMUSDT,0.03,-3.58,-3.37,3.67,33
61,ACHUSDT,API3USDT,0.04,-3.39,-3.37,0.01,33
479,REQUSDT,BICOUSDT,0.0,-4.72,-3.37,0.27,33
389,ONTUSDT,AAVEUSDT,0.01,-3.88,-3.37,0.0,33
413,OPUSDT,ENSUSDT,0.02,-3.6,-3.37,0.06,33
877,XNOUSDT,GRTUSDT,0.01,-4.09,-3.37,8.94,33
820,VETUSDT,GRTUSDT,0.0,-4.47,-3.37,0.28,33
414,OPUSDT,ETHWUSDT,0.0,-5.24,-3.37,0.16,33
698,USDCUSDT,AAVEUSDT,0.0,-5.84,-3.37,0.01,33
504,REQUSDT,CVCUSDT,0.0,-4.85,-3.37,0.88,33
448,QTUMUSDT,SXPUSDT,0.02,-3.69,-3.37,8.72,33
645,STMXUSDT,ICPUSDT,0.04,-3.47,-3.37,0.0,32
33,1000BTTUSDT,STXUSDT,0.02,-3.73,-3.37,0.0,32
806,USDCUSDT,LUNA2USDT,0.0,-6.0,-3.37,0.41,32
729,USDCUSDT,BSVUSDT,0.0,-5.9,-3.37,0.02,32
610,SCRTUSDT,QTUMUSDT,0.03,-3.56,-3.37,0.32,32
825,WAVESUSDT,AGLDUSDT,0.0,-4.41,-3.37,10.13,32
883,XNOUSDT,SOLUSDT,0.02,-3.63,-3.37,0.02,32
632,STMXUSDT,ANKRUSDT,0.0,-4.81,-3.37,0.23,32
633,STMXUSDT,ARPAUSDT,0.04,-3.44,-3.37,0.2,32
57,1INCHUSDT,ZILUSDT,0.02,-3.76,-3.37,19.93,32
385,LUNA2USDT,AKROUSDT,0.01,-3.81,-3.37,677.46,32
589,RSRUSDT,DODOUSDT,0.0,-4.15,-3.37,0.05,32
510,REQUSDT,DODOUSDT,0.0,-4.9,-3.37,0.83,32
608,SCRTUSDT,JSTUSDT,0.0,-4.15,-3.37,31.48,31
340,GLMRUSDT,AAVEUSDT,0.01,-3.9,-3.37,0.01,31
354,IOTXUSDT,1INCHUSDT,0.04,-3.45,-3.37,0.05,31
833,WAVESUSDT,ICPUSDT,0.04,-3.41,-3.37,0.65,31
352,ILVUSDT,1000LUNCUSDT,0.03,-3.58,-3.37,274.64,31
347,GLMRUSDT,ALPHAUSDT,0.02,-3.69,-3.37,4.08,31
382,LUNA2USDT,1000BTTUSDT,0.04,-3.43,-3.37,2983.79,31
433,OPUSDT,STGUSDT,0.0,-4.58,-3.37,2.09,31
670,STORJUSDT,UNIUSDT,0.02,-3.71,-3.37,0.06,31
775,USDCUSDT,GLMRUSDT,0.0,-5.84,-3.37,2.1,30
384,LUNA2USDT,1000XECUSDT,0.01,-4.02,-3.37,64.08,30
821,VETUSDT,ICPUSDT,0.05,-3.37,-3.37,0.0,30
721,USDCUSDT,BCHUSDT,0.0,-6.13,-3.37,0.01,30
681,SUNUSDT,MANAUSDT,0.03,-3.57,-3.37,0.01,30
878,XNOUSDT,ICPUSDT,0.01,-3.79,-3.37,0.14,30
651,STMXUSDT,RSRUSDT,0.01,-3.89,-3.37,1.09,30
734,USDCUSDT,CELOUSDT,0.0,-6.35,-3.37,1.39,30
0,10000NFTUSDT,AKROUSDT,0.0,-4.15,-3.37,1.76,30
70,ACHUSDT,CKBUSDT,0.04,-3.42,-3.37,3.43,30
81,ACHUSDT,FITFIUSDT,0.02,-3.59,-3.37,0.22,30
118,ANKRUSDT,GRTUSDT,0.0,-4.16,-3.37,0.35,30
31,1000BTTUSDT,SCUSDT,0.0,-4.5,-3.37,0.25,30
55,1INCHUSDT,TLMUSDT,0.03,-3.52,-3.37,28.58,29
598,RSRUSDT,ICPUSDT,0.01,-3.88,-3.37,0.0,29
29,1000BTTUSDT,RAYUSDT,0.01,-3.91,-3.37,0.0,29
473,REQUSDT,AXSUSDT,0.0,-4.59,-3.37,0.01,29
521,REQUSDT,ETHWUSDT,0.0,-4.69,-3.37,0.02,29
561,REQUSDT,LUNA2USDT,0.0,-4.52,-3.37,0.04,29
604,SCRTUSDT,CELRUSDT,0.0,-4.26,-3.37,60.08,29
643,STMXUSDT,GLMRUSDT,0.03,-3.55,-3.37,0.01,29
611,SCRTUSDT,SFPUSDT,0.02,-3.72,-3.37,2.27,29
622,SKLUSDT,DARUSDT,0.03,-3.56,-3.37,0.18,29
51,1INCHUSDT,RAYUSDT,0.03,-3.53,-3.37,1.18,29
655,STMXUSDT,STXUSDT,0.02,-3.73,-3.37,0.02,29
48,1INCHUSDT,ICXUSDT,0.01,-3.92,-3.37,2.64,29
637,STMXUSDT,BSVUSDT,0.04,-3.44,-3.37,0.0,29
463,REQUSDT,ANKRUSDT,0.0,-4.69,-3.37,3.75,29
445,QTUMUSDT,SLPUSDT,0.04,-3.44,-3.37,858.51,29
377,LPTUSDT,1INCHUSDT,0.0,-4.34,-3.37,15.32,29
839,WOOUSDT,GALUSDT,0.0,-4.32,-3.37,0.08,29
882,XNOUSDT,SCUSDT,0.03,-3.52,-3.37,223.91,29
309,CROUSDT,ALPHAUSDT,0.0,-4.17,-3.37,0.96,29
411,OPUSDT,CVXUSDT,0.01,-3.77,-3.37,0.19,29
84,ACHUSDT,HNTUSDT,0.01,-3.78,-3.37,0.0,29
287,BALUSDT,ANKRUSDT,0.03,-3.53,-3.37,231.66,28
9,10000NFTUSDT,ENSUSDT,0.02,-3.66,-3.37,0.0,28
621,SKLUSDT,CHRUSDT,0.0,-4.32,-3.37,0.25,28
373,KNCUSDT,1000XECUSDT,0.03,-3.53,-3.37,23.84,28
685,SUNUSDT,XNOUSDT,0.0,-4.88,-3.37,0.01,28
700,USDCUSDT,ADAUSDT,0.0,-5.83,-3.37,2.45,28
19,10000NFTUSDT,TRXUSDT,0.03,-3.54,-3.37,0.1,28
487,REQUSDT,BTCUSDT,0.0,-4.54,-3.37,0.0,28
392,ONTUSDT,ICXUSDT,0.0,-5.02,-3.37,0.97,28
393,ONTUSDT,KNCUSDT,0.01,-3.93,-3.37,0.25,28
450,REQUSDT,10000NFTUSDT,0.0,-4.69,-3.37,17.31,28
743,USDCUSDT,CROUSDT,0.0,-5.83,-3.37,8.92,28
418,OPUSDT,ILVUSDT,0.02,-3.77,-3.37,0.02,27
584,RSRUSDT,BLZUSDT,0.04,-3.47,-3.37,0.08,27
275,BALUSDT,1000BTTUSDT,0.0,-4.44,-3.37,8293.69,27
394,ONTUSDT,RAYUSDT,0.01,-3.86,-3.37,0.43,27
307,CROUSDT,1000XECUSDT,0.04,-3.45,-3.37,2.95,27
447,QTUMUSDT,SUSHIUSDT,0.04,-3.47,-3.37,1.71,27
73,ACHUSDT,CREAMUSDT,0.01,-3.77,-3.37,0.0,27
296,BTCUSDT,AAVEUSDT,0.0,-5.11,-3.37,246.33,27
423,OPUSDT,LDOUSDT,0.0,-4.42,-3.37,0.66,27
278,BALUSDT,1INCHUSDT,0.02,-3.69,-3.37,11.12,27
45,1INCHUSDT,DUSKUSDT,0.01,-3.83,-3.37,4.74,27
123,ANKRUSDT,SOLUSDT,0.01,-3.83,-3.37,0.0,27
148,ANTUSDT,THETAUSDT,0.02,-3.62,-3.37,1.55,27
886,YFIUSDT,1000BTTUSDT,0.04,-3.39,-3.37,10015252.27,27
36,1000XECUSDT,MTLUSDT,0.01,-3.81,-3.37,0.04,27
841,WOOUSDT,LRCUSDT,0.04,-3.47,-3.37,0.65,27
847,XEMUSDT,CVCUSDT,0.03,-3.47,-3.37,0.32,27
706,USDCUSDT,ANKRUSDT,0.0,-5.83,-3.37,34.17,26
350,HOTUSDT,AGLDUSDT,0.0,-5.51,-3.37,0.01,26
731,USDCUSDT,BTCUSDT,0.0,-5.91,-3.37,0.0,26
27,1000BTTUSDT,CTKUSDT,0.03,-3.57,-3.37,0.0,26
678,SUNUSDT,FLMUSDT,0.01,-4.05,-3.37,0.06,26
823,VETUSDT,RENUSDT,0.03,-3.57,-3.37,0.19,26
66,ACHUSDT,BICOUSDT,0.04,-3.46,-3.37,0.03,26
718,USDCUSDT,BALUSDT,0.0,-6.07,-3.37,0.15,26
339,GLMRUSDT,1INCHUSDT,0.03,-3.49,-3.37,0.78,26
579,RSRUSDT,ARPAUSDT,0.01,-3.94,-3.37,0.18,26
623,SKLUSDT,DGBUSDT,0.04,-3.45,-3.37,4.12,26
122,ANKRUSDT,SNXUSDT,0.0,-4.77,-3.37,0.01,26
635,STMXUSDT,BCHUSDT,0.01,-4.07,-3.37,0.0,26
880,XNOUSDT,MANAUSDT,0.04,-3.47,-3.37,1.14,26
44,1INCHUSDT,DGBUSDT,0.02,-3.62,-3.37,67.93,26
642,STMXUSDT,FILUSDT,0.03,-3.51,-3.37,0.0,26
457,REQUSDT,ADAUSDT,0.0,-4.3,-3.37,0.27,26
480,REQUSDT,BITUSDT,0.0,-4.81,-3.37,0.25,25
495,REQUSDT,CKBUSDT,0.0,-4.56,-3.37,31.71,25
512,REQUSDT,DOTUSDT,0.0,-4.36,-3.37,0.02,25
43,1INCHUSDT,CTSIUSDT,0.04,-3.44,-3.37,4.43,25
455,REQUSDT,AAVEUSDT,0.0,-4.93,-3.37,0.0,25
72,ACHUSDT,COTIUSDT,0.04,-3.46,-3.37,0.11,25
88,ACHUSDT,KAVAUSDT,0.01,-3.9,-3.37,0.01,25
316,DODOUSDT,AKROUSDT,0.04,-3.46,-3.37,36.9,25
111,ALPHAUSDT,NEARUSDT,0.0,-4.17,-3.37,0.04,25
864,XMRUSDT,BOBAUSDT,0.0,-4.4,-3.37,504.99,25
294,BTCUSDT,1000XECUSDT,0.0,-5.19,-3.37,543108.1,25
829,WAVESUSDT,CTSIUSDT,0.0,-4.5,-3.37,24.39,25
466,REQUSDT,API3USDT,0.0,-4.28,-3.37,0.06,25
537,REQUSDT,HNTUSDT,0.0,-4.75,-3.37,0.03,25
569,REQUSDT,NEOUSDT,0.0,-4.5,-3.37,0.01,25
673,SUNUSDT,BELUSDT,0.02,-3.71,-3.37,0.01,25
657,STMXUSDT,UNIUSDT,0.04,-3.43,-3.37,0.0,25
590,RSRUSDT,DUSKUSDT,0.01,-3.85,-3.37,0.05,25
653,STMXUSDT,SCUSDT,0.0,-4.58,-3.37,2.07,25
586,RSRUSDT,CROUSDT,0.04,-3.42,-3.37,0.06,25
574,RSRUSDT,1000BTTUSDT,0.0,-4.38,-3.37,7.69,25
618,SHIB1000USDT,FXSUSDT,0.01,-3.87,-3.37,0.0,25
650,STMXUSDT,REQUSDT,0.02,-3.59,-3.37,0.06,25
10,10000NFTUSDT,ETCUSDT,0.01,-3.85,-3.37,0.0,24
113,ALPHAUSDT,STXUSDT,0.03,-3.56,-3.37,0.37,24
840,WOOUSDT,IMXUSDT,0.04,-3.42,-3.37,0.3,24
11,10000NFTUSDT,ETHWUSDT,0.02,-3.62,-3.37,0.0,24
80,ACHUSDT,ETCUSDT,0.02,-3.6,-3.37,0.0,24
837,WOOUSDT,DYDXUSDT,0.03,-3.58,-3.37,0.11,24
836,WOOUSDT,C98USDT,0.01,-3.95,-3.37,0.55,24
37,1000XECUSDT,RVNUSDT,0.03,-3.48,-3.37,1.21,24
887,YGGUSDT,BALUSDT,0.04,-3.46,-3.37,0.04,24
348,GLMRUSDT,ANKRUSDT,0.01,-3.95,-3.37,16.29,24
648,STMXUSDT,LPTUSDT,0.04,-3.42,-3.37,0.0,24
789,USDCUSDT,IOTAUSDT,0.0,-5.86,-3.37,3.89,24
23,10000NFTUSDT,ZRXUSDT,0.01,-3.98,-3.37,0.02,24
640,STMXUSDT,DOTUSDT,0.02,-3.73,-3.37,0.0,24
741,USDCUSDT,COTIUSDT,0.0,-6.11,-3.37,9.65,24
711,USDCUSDT,ARPAUSDT,0.0,-5.84,-3.37,28.99,24
557,REQUSDT,LOOKSUSDT,0.0,-4.43,-3.37,0.49,24
304,BTCUSDT,ANKRUSDT,0.0,-5.12,-3.37,706405.4,24
682,SUNUSDT,RUNEUSDT,0.04,-3.43,-3.37,0.0,24
652,STMXUSDT,RUNEUSDT,0.04,-3.47,-3.37,0.0,24
444,QTUMUSDT,GALUSDT,0.01,-3.87,-3.37,1.34,24
848,XEMUSDT,NEOUSDT,0.03,-3.51,-3.37,0.0,23
629,STMXUSDT,1000XECUSDT,0.04,-3.4,-3.37,0.18,23
286,BALUSDT,ALPHAUSDT,0.01,-3.77,-3.37,58.03,23
663,STORJUSDT,BOBAUSDT,0.0,-4.12,-3.37,1.5,23
676,SUNUSDT,CROUSDT,0.03,-3.51,-3.37,0.06,23
351,HOTUSDT,ALICEUSDT,0.0,-4.56,-3.37,0.0,23
400,OPUSDT,AKROUSDT,0.01,-3.87,-3.37,294.22,23
54,1INCHUSDT,SXPUSDT,0.02,-3.74,-3.37,1.86,23
399,OPUSDT,ACHUSDT,0.03,-3.52,-3.37,89.24,23
497,REQUSDT,COTIUSDT,0.0,-4.66,-3.37,1.06,23
496,REQUSDT,COMPUSDT,0.0,-4.56,-3.37,0.0,23
549,REQUSDT,KAVAUSDT,0.0,-4.58,-3.37,0.07,23
714,USDCUSDT,AUDIOUSDT,0.0,-5.91,-3.37,5.03,23
691,UNIUSDT,10000NFTUSDT,0.04,-3.42,-3.37,1094.67,23
468,REQUSDT,ARPAUSDT,0.0,-4.43,-3.37,3.18,23
451,REQUSDT,1000BTTUSDT,0.0,-4.36,-3.37,134.24,23
587,RSRUSDT,CTSIUSDT,0.04,-3.43,-3.37,0.05,23
430,OPUSDT,REEFUSDT,0.02,-3.63,-3.37,196.55,23
421,OPUSDT,KAVAUSDT,0.01,-3.93,-3.37,0.71,23
417,OPUSDT,HNTUSDT,0.01,-4.05,-3.37,0.26,23
599,RSRUSDT,KNCUSDT,0.01,-4.01,-3.37,0.01,23
824,VETUSDT,SOLUSDT,0.04,-3.41,-3.37,0.0,23
408,OPUSDT,CREAMUSDT,0.01,-4.06,-3.37,0.09,23
540,REQUSDT,ICXUSDT,0.0,-4.41,-3.37,0.47,23
277,BALUSDT,1000XECUSDT,0.03,-3.49,-3.37,178.1,23
507,REQUSDT,DASHUSDT,0.0,-4.48,-3.37,0.0,23
891,ZENUSDT,OMGUSDT,0.03,-3.49,-3.37,8.11,23
716,USDCUSDT,AXSUSDT,0.0,-5.97,-3.37,0.11,22
335,GLMRUSDT,10000NFTUSDT,0.04,-3.38,-3.37,75.22,22
386,LUNA2USDT,ALPHAUSDT,0.04,-3.39,-3.37,20.88,22
397,OPUSDT,10000NFTUSDT,0.01,-4.06,-3.37,167.12,22
573,RSRUSDT,10000NFTUSDT,0.04,-3.42,-3.37,0.99,22
600,RSRUSDT,LPTUSDT,0.02,-3.63,-3.37,0.0,22
616,SFPUSDT,IMXUSDT,0.04,-3.41,-3.37,0.67,22
624,SKLUSDT,KLAYUSDT,0.04,-3.45,-3.37,0.15,22
646,STMXUSDT,KNCUSDT,0.01,-3.99,-3.37,0.01,22
671,SUNUSDT,ALICEUSDT,0.04,-3.4,-3.37,0.0,22
684,SUNUSDT,SOLUSDT,0.03,-3.52,-3.37,0.0,22
736,USDCUSDT,CELUSDT,0.0,-6.11,-3.37,1.06,22
112,ALPHAUSDT,SCUSDT,0.02,-3.7,-3.37,35.3,22
754,USDCUSDT,DODOUSDT,0.0,-5.82,-3.37,7.52,22
762,USDCUSDT,EOSUSDT,0.0,-5.83,-3.37,0.88,22
765,USDCUSDT,ETHWUSDT,0.0,-6.25,-3.37,0.15,22
778,USDCUSDT,GRTUSDT,0.0,-5.83,-3.37,12.06,22
788,USDCUSDT,IOSTUSDT,0.0,-6.05,-3.37,87.78,22
795,USDCUSDT,KLAYUSDT,0.0,-6.2,-3.37,3.91,22
18,10000NFTUSDT,SUSHIUSDT,0.03,-3.47,-3.37,0.0,22
814,USDCUSDT,NEOUSDT,0.0,-6.25,-3.37,0.12,22
888,YGGUSDT,BCHUSDT,0.0,-4.22,-3.37,0.0,22
889,YGGUSDT,RSRUSDT,0.03,-3.53,-3.37,46.48,22
107,AGLDUSDT,BAKEUSDT,0.03,-3.48,-3.37,1.36,22
578,RSRUSDT,ANKRUSDT,0.02,-3.66,-3.37,0.21,22
485,REQUSDT,BSVUSDT,0.0,-4.48,-3.37,0.0,21
552,REQUSDT,KSMUSDT,0.0,-4.5,-3.37,0.0,21
490,REQUSDT,CELOUSDT,0.0,-4.36,-3.37,0.15,21
499,REQUSDT,CROUSDT,0.0,-4.32,-3.37,0.98,21
477,REQUSDT,BCHUSDT,0.0,-4.3,-3.37,0.0,21
688,TRBUSDT,C98USDT,0.04,-3.42,-3.37,48.26,21
71,ACHUSDT,COMPUSDT,0.02,-3.69,-3.37,0.0,21
97,ACHUSDT,QNTUSDT,0.03,-3.54,-3.37,0.0,21
274,ARUSDT,10000NFTUSDT,0.02,-3.65,-3.37,1641.87,21
443,QTUMUSDT,CELRUSDT,0.04,-3.38,-3.37,187.09,21
438,OPUSDT,ZECUSDT,0.01,-3.92,-3.37,0.02,21
279,BALUSDT,AAVEUSDT,0.03,-3.47,-3.37,0.08,21
492,REQUSDT,CELUSDT,0.0,-4.51,-3.37,0.12,21
545,REQUSDT,IOTAUSDT,0.0,-4.32,-3.37,0.43,21
432,OPUSDT,SRMUSDT,0.0,-5.01,-3.37,1.36,21
406,OPUSDT,COMPUSDT,0.01,-3.87,-3.37,0.02,21
283,BALUSDT,AKROUSDT,0.0,-4.29,-3.37,1882.83,21
575,RSRUSDT,AAVEUSDT,0.04,-3.45,-3.37,0.0,21
885,XTZUSDT,1000LUNCUSDT,0.04,-3.44,-3.37,5.94,21
606,SCRTUSDT,FLOWUSDT,0.04,-3.47,-3.37,0.55,21
853,XMRUSDT,ANTUSDT,0.03,-3.51,-3.37,82.21,21
723,USDCUSDT,BICOUSDT,0.0,-5.86,-3.37,2.46,21
554,REQUSDT,LINAUSDT,0.0,-4.26,-3.37,13.51,21
74,ACHUSDT,CRVUSDT,0.02,-3.72,-3.37,0.01,21
46,1INCHUSDT,ENJUSDT,0.02,-3.76,-3.37,1.36,21
519,REQUSDT,ETCUSDT,0.0,-4.55,-3.37,0.0,20
644,STMXUSDT,GRTUSDT,0.04,-3.44,-3.37,0.08,20
615,SFPUSDT,CHRUSDT,0.0,-4.44,-3.37,2.7,20
697,USDCUSDT,1INCHUSDT,0.0,-6.08,-3.37,1.64,20
103,ACHUSDT,YFIUSDT,0.04,-3.39,-3.37,0.0,20
656,STMXUSDT,TLMUSDT,0.03,-3.55,-3.37,0.32,20
121,ANKRUSDT,RENUSDT,0.04,-3.41,-3.37,0.23,20
591,RSRUSDT,FILUSDT,0.0,-4.33,-3.37,0.0,20
106,ADAUSDT,10000NFTUSDT,0.02,-3.62,-3.37,64.25,20
375,KNCUSDT,ALPHAUSDT,0.04,-3.42,-3.37,7.77,20
890,ZENUSDT,NEOUSDT,0.03,-3.54,-3.37,1.57,20
7,10000NFTUSDT,DASHUSDT,0.03,-3.53,-3.37,0.0,20
845,WOOUSDT,TRBUSDT,0.0,-4.5,-3.37,0.01,20
16,10000NFTUSDT,ROSEUSDT,0.02,-3.67,-3.37,0.1,20
17,10000NFTUSDT,STGUSDT,0.04,-3.45,-3.37,0.01,20
114,ANKRUSDT,1INCHUSDT,0.0,-4.2,-3.37,0.05,20
813,USDCUSDT,NEARUSDT,0.0,-5.83,-3.37,0.33,20
349,GRTUSDT,1INCHUSDT,0.04,-3.38,-3.37,0.14,20
766,USDCUSDT,FILUSDT,0.0,-6.01,-3.37,0.19,20
484,REQUSDT,BOBAUSDT,0.0,-4.41,-3.37,0.38,20
456,REQUSDT,ACHUSDT,0.0,-4.79,-3.37,9.24,20
751,USDCUSDT,DASHUSDT,0.0,-6.22,-3.37,0.02,20
147,ANTUSDT,RSS3USDT,0.01,-3.79,-3.37,14.06,20
517,REQUSDT,ENSUSDT,0.0,-4.52,-3.37,0.01,19
582,RSRUSDT,BANDUSDT,0.04,-3.42,-3.37,0.01,19
572,REQUSDT,OMGUSDT,0.0,-4.4,-3.37,0.07,19
396,ONTUSDT,SXPUSDT,0.02,-3.74,-3.37,0.68,19
523,REQUSDT,FITFIUSDT,0.0,-4.69,-3.37,2.05,19
409,OPUSDT,CRVUSDT,0.0,-4.2,-3.37,1.15,19
534,REQUSDT,GRTUSDT,0.0,-4.45,-3.37,1.32,19
426,OPUSDT,MKRUSDT,0.03,-3.59,-3.37,0.0,19
292,BTCUSDT,1000BTTUSDT,0.0,-5.13,-3.37,25290650.34,19
544,REQUSDT,IOSTUSDT,0.0,-4.41,-3.37,9.63,19
419,OPUSDT,IMXUSDT,0.04,-3.38,-3.37,1.77,19
338,GLMRUSDT,1000XECUSDT,0.03,-3.51,-3.37,12.53,19
390,ONTUSDT,BLZUSDT,0.0,-4.61,-3.37,2.85,19
38,1INCHUSDT,AAVEUSDT,0.01,-3.89,-3.37,0.01,19
318,EOSUSDT,ANKRUSDT,0.0,-4.21,-3.37,38.76,19
799,USDCUSDT,LINAUSDT,0.0,-7.19,-3.37,123.07,19
108,AGLDUSDT,JASMYUSDT,0.03,-3.52,-3.37,65.53,19
26,1000BTTUSDT,BLZUSDT,0.03,-3.48,-3.37,0.01,19
149,ANTUSDT,UNIUSDT,0.05,-3.37,-3.37,0.26,19
305,BTCUSDT,ANTUSDT,0.0,-5.02,-3.37,11502.87,19
739,USDCUSDT,CKBUSDT,0.0,-5.86,-3.37,288.99,19
843,WOOUSDT,SCRTUSDT,0.01,-4.04,-3.37,0.19,19
844,WOOUSDT,SUSHIUSDT,0.02,-3.64,-3.37,0.11,19
846,WOOUSDT,YFIUSDT,0.04,-3.41,-3.37,0.0,19
649,STMXUSDT,NEARUSDT,0.02,-3.69,-3.37,0.0,19
612,SCRTUSDT,STGUSDT,0.0,-4.24,-3.37,1.81,19
746,USDCUSDT,CTKUSDT,0.0,-5.82,-3.37,1.21,18
812,USDCUSDT,MTLUSDT,0.0,-5.83,-3.37,0.99,18
873,XNOUSDT,BELUSDT,0.01,-3.78,-3.37,1.32,18
391,ONTUSDT,ENJUSDT,0.04,-3.41,-3.37,0.5,18
784,USDCUSDT,ICXUSDT,0.0,-6.01,-3.37,4.33,18
767,USDCUSDT,FITFIUSDT,0.0,-6.31,-3.37,18.68,18
831,WAVESUSDT,DGBUSDT,0.01,-4.03,-3.37,374.11,18
593,RSRUSDT,GALUSDT,0.01,-3.96,-3.37,0.0,18
469,REQUSDT,ARUSDT,0.0,-4.39,-3.37,0.01,18
605,SCRTUSDT,DYDXUSDT,0.01,-3.99,-3.37,0.55,18
735,USDCUSDT,CELRUSDT,0.0,-6.31,-3.37,65.44,18
702,USDCUSDT,AKROUSDT,0.0,-6.06,-3.37,277.73,18
694,USDCUSDT,1000BTTUSDT,0.0,-5.99,-3.37,1223.28,18
686,THETAUSDT,AGLDUSDT,0.03,-3.51,-3.37,3.49,18
40,1INCHUSDT,ALICEUSDT,0.03,-3.53,-3.37,0.37,18
539,REQUSDT,ICPUSDT,0.0,-4.37,-3.37,0.02,18
654,STMXUSDT,SNXUSDT,0.0,-4.46,-3.37,0.0,18
76,ACHUSDT,CVXUSDT,0.01,-4.07,-3.37,0.0,18
626,SRMUSDT,CELRUSDT,0.02,-3.66,-3.37,51.01,18
483,REQUSDT,BNXUSDT,0.0,-4.48,-3.37,0.0,18
291,BTCUSDT,10000NFTUSDT,0.0,-5.2,-3.37,3261761.29,18
295,BTCUSDT,1INCHUSDT,0.0,-5.1,-3.37,33920.14,18
105,ACHUSDT,ZRXUSDT,0.04,-3.45,-3.37,0.05,18
383,LUNA2USDT,1000LUNCUSDT,0.0,-4.39,-3.37,10.15,18
85,ACHUSDT,ILVUSDT,0.02,-3.62,-3.37,0.0,18
102,ACHUSDT,XTZUSDT,0.04,-3.43,-3.37,0.01,18
805,USDCUSDT,LTCUSDT,0.0,-5.82,-3.37,0.02,17
781,USDCUSDT,HNTUSDT,0.0,-5.86,-3.37,0.25,17
566,REQUSDT,MKRUSDT,0.0,-4.59,-3.37,0.0,17
857,XMRUSDT,AUDIOUSDT,0.01,-4.02,-3.37,742.83,17
319,EOSUSDT,ANTUSDT,0.01,-3.92,-3.37,0.63,17
415,OPUSDT,FITFIUSDT,0.04,-3.38,-3.37,19.8,17
687,TLMUSDT,1000BTTUSDT,0.01,-4.09,-3.37,26.08,17
343,GLMRUSDT,AGLDUSDT,0.0,-4.19,-3.37,1.44,17
679,SUNUSDT,FTMUSDT,0.0,-5.0,-3.37,0.03,17
422,OPUSDT,KSMUSDT,0.01,-3.9,-3.37,0.03,17
425,OPUSDT,MATICUSDT,0.0,-4.15,-3.37,1.16,17
131,ANTUSDT,CREAMUSDT,0.02,-3.62,-3.37,0.15,17
53,1INCHUSDT,RUNEUSDT,0.03,-3.55,-3.37,0.39,17
145,ANTUSDT,QNTUSDT,0.0,-4.65,-3.37,0.01,17
380,LPTUSDT,ALICEUSDT,0.04,-3.39,-3.37,5.63,17
560,REQUSDT,LTCUSDT,0.0,-4.47,-3.37,0.0,17
780,USDCUSDT,HBARUSDT,0.0,-6.21,-3.37,16.65,17
720,USDCUSDT,BATUSDT,0.0,-5.85,-3.37,3.37,17
661,STORJUSDT,AUDIOUSDT,0.0,-5.1,-3.37,2.2,17
104,ACHUSDT,ZECUSDT,0.02,-3.64,-3.37,0.0,17
793,USDCUSDT,KAVAUSDT,0.0,-5.84,-3.37,0.67,17
49,1INCHUSDT,LRCUSDT,0.04,-3.41,-3.37,2.25,17
306,CEEKUSDT,ALICEUSDT,0.01,-3.84,-3.37,0.08,17
402,OPUSDT,BICOUSDT,0.02,-3.74,-3.37,2.61,17
625,SNXUSDT,AAVEUSDT,0.01,-3.78,-3.37,0.03,17
524,REQUSDT,FLMUSDT,0.0,-4.35,-3.37,0.97,17
95,ACHUSDT,PAXGUSDT,0.03,-3.58,-3.37,0.0,16
758,USDCUSDT,DYDXUSDT,0.0,-6.78,-3.37,0.6,16
435,OPUSDT,XRPUSDT,0.03,-3.48,-3.37,2.28,16
796,USDCUSDT,KNCUSDT,0.0,-6.05,-3.37,1.1,16
313,DODOUSDT,1INCHUSDT,0.04,-3.46,-3.37,0.22,16
759,USDCUSDT,EGLDUSDT,0.0,-6.14,-3.37,0.02,16
769,USDCUSDT,FLOWUSDT,0.0,-6.41,-3.37,0.6,16
690,TRBUSDT,LRCUSDT,0.04,-3.42,-3.37,57.24,16
627,SRMUSDT,DYDXUSDT,0.02,-3.66,-3.37,0.47,16
689,TRBUSDT,ICPUSDT,0.02,-3.64,-3.37,2.98,16
817,USDCUSDT,OMGUSDT,0.0,-6.22,-3.37,0.6,16
310,DARUSDT,1INCHUSDT,0.03,-3.47,-3.37,0.34,16
22,10000NFTUSDT,ZECUSDT,0.03,-3.53,-3.37,0.0,16
783,USDCUSDT,ICPUSDT,0.0,-5.92,-3.37,0.19,16
832,WAVESUSDT,HOTUSDT,0.04,-3.43,-3.37,1656.74,16
725,USDCUSDT,BLZUSDT,0.0,-5.91,-3.37,12.78,16
712,USDCUSDT,ARUSDT,0.0,-5.82,-3.37,0.1,16
790,USDCUSDT,IOTXUSDT,0.0,-5.91,-3.37,35.14,16
724,USDCUSDT,BITUSDT,0.0,-6.1,-3.37,2.28,16
317,EOSUSDT,1INCHUSDT,0.01,-4.04,-3.37,1.86,16
58,ACHUSDT,10000NFTUSDT,0.03,-3.53,-3.37,1.87,16
727,USDCUSDT,BNXUSDT,0.0,-6.22,-3.37,0.01,16
551,REQUSDT,KLAYUSDT,0.0,-4.41,-3.37,0.43,16
728,USDCUSDT,BOBAUSDT,0.0,-6.15,-3.37,3.42,16
699,USDCUSDT,ACHUSDT,0.0,-5.96,-3.37,84.15,16
748,USDCUSDT,CVCUSDT,0.0,-6.21,-3.37,8.05,16
546,REQUSDT,IOTXUSDT,0.0,-4.27,-3.37,3.86,16
353,ILVUSDT,1000XECUSDT,0.03,-3.58,-3.37,1733.79,16
577,RSRUSDT,AGLDUSDT,0.02,-3.7,-3.37,0.02,16
588,RSRUSDT,DENTUSDT,0.04,-3.41,-3.37,7.19,16
464,REQUSDT,ANTUSDT,0.0,-4.24,-3.37,0.06,15
516,REQUSDT,ENJUSDT,0.0,-4.32,-3.37,0.24,15
93,ACHUSDT,MATICUSDT,0.02,-3.62,-3.37,0.01,15
300,BTCUSDT,AKROUSDT,0.0,-5.25,-3.37,5741830.69,15
862,XMRUSDT,BITUSDT,0.04,-3.46,-3.37,337.48,15
14,10000NFTUSDT,LINAUSDT,0.02,-3.66,-3.37,0.78,15
666,STORJUSDT,INJUSDT,0.04,-3.46,-3.37,0.2,15
498,REQUSDT,CREAMUSDT,0.0,-4.91,-3.37,0.01,15
827,WAVESUSDT,BLZUSDT,0.02,-3.61,-3.37,42.91,15
491,REQUSDT,CELRUSDT,0.0,-4.55,-3.37,7.18,15
41,1INCHUSDT,BLZUSDT,0.04,-3.46,-3.37,7.79,15
403,OPUSDT,C98USDT,0.04,-3.38,-3.37,3.3,15
459,REQUSDT,AKROUSDT,0.0,-4.67,-3.37,30.48,15
811,USDCUSDT,MKRUSDT,0.0,-5.82,-3.37,0.0,15
619,SHIB1000USDT,THETAUSDT,0.01,-3.91,-3.37,0.01,15
356,IOTXUSDT,ALICEUSDT,0.04,-3.41,-3.37,0.02,15
548,REQUSDT,JSTUSDT,0.0,-4.54,-3.37,3.76,15
420,OPUSDT,JSTUSDT,0.01,-3.96,-3.37,36.35,15
355,IOTXUSDT,AAVEUSDT,0.01,-3.79,-3.37,0.0,15
559,REQUSDT,LRCUSDT,0.0,-4.41,-3.37,0.4,15
617,SHIB1000USDT,AVAXUSDT,0.02,-3.64,-3.37,0.0,15
563,REQUSDT,MASKUSDT,0.0,-4.5,-3.37,0.05,15
740,USDCUSDT,COMPUSDT,0.0,-5.98,-3.37,0.02,15
453,REQUSDT,1000XECUSDT,0.0,-4.51,-3.37,2.88,15
851,XMRUSDT,AGLDUSDT,0.04,-3.47,-3.37,445.99,15
276,BALUSDT,1000LUNCUSDT,0.01,-3.91,-3.37,28.19,15
297,BTCUSDT,ACHUSDT,0.0,-5.4,-3.37,1740078.53,15
436,OPUSDT,XTZUSDT,0.02,-3.75,-3.37,0.74,15
452,REQUSDT,1000LUNCUSDT,0.0,-4.48,-3.37,0.46,15
513,REQUSDT,DUSKUSDT,0.0,-4.3,-3.37,0.85,14
42,1INCHUSDT,CHRUSDT,0.03,-3.52,-3.37,4.08,14
774,USDCUSDT,GALUSDT,0.0,-6.37,-3.37,0.47,14
282,BALUSDT,AGLDUSDT,0.04,-3.47,-3.37,20.47,14
607,SCRTUSDT,IMXUSDT,0.01,-4.1,-3.37,1.53,14
830,WAVESUSDT,DENTUSDT,0.0,-4.39,-3.37,3842.55,14
802,USDCUSDT,LOOKSUSDT,0.0,-5.89,-3.37,4.49,14
542,REQUSDT,IMXUSDT,0.0,-4.47,-3.37,0.18,14
585,RSRUSDT,CEEKUSDT,0.01,-3.9,-3.37,0.05,14
526,REQUSDT,FTMUSDT,0.0,-4.43,-3.37,0.48,14
59,ACHUSDT,AKROUSDT,0.03,-3.57,-3.37,3.3,14
442,QTUMUSDT,C98USDT,0.03,-3.5,-3.37,8.89,14
747,USDCUSDT,CTSIUSDT,0.0,-5.92,-3.37,7.26,14
756,USDCUSDT,DOTUSDT,0.0,-5.81,-3.37,0.15,14
454,REQUSDT,1INCHUSDT,0.0,-4.28,-3.37,0.18,14
855,XMRUSDT,ARUSDT,0.02,-3.7,-3.37,14.19,14
669,STORJUSDT,SHIB1000USDT,0.02,-3.64,-3.37,36.79,14
695,USDCUSDT,1000LUNCUSDT,0.0,-5.97,-3.37,4.16,14
757,USDCUSDT,DUSKUSDT,0.0,-5.93,-3.37,7.78,14
763,USDCUSDT,ETCUSDT,0.0,-6.18,-3.37,0.04,14
568,REQUSDT,NEARUSDT,0.0,-4.45,-3.37,0.04,13
56,1INCHUSDT,TOMOUSDT,0.02,-3.63,-3.37,1.41,13
580,RSRUSDT,BAKEUSDT,0.04,-3.4,-3.37,0.03,13
797,USDCUSDT,KSMUSDT,0.0,-6.15,-3.37,0.03,13
683,SUNUSDT,SANDUSDT,0.0,-4.54,-3.37,0.01,13
344,GLMRUSDT,AKROUSDT,0.03,-3.54,-3.37,132.41,13
92,ACHUSDT,MASKUSDT,0.02,-3.71,-3.37,0.01,13
79,ACHUSDT,ENSUSDT,0.02,-3.74,-3.37,0.0,13
434,OPUSDT,XLMUSDT,0.02,-3.7,-3.37,9.48,13
693,USDCUSDT,10000NFTUSDT,0.0,-6.0,-3.37,157.77,13
62,ACHUSDT,APTUSDT,0.01,-4.02,-3.37,0.0,13
543,REQUSDT,INJUSDT,0.0,-4.5,-3.37,0.05,13
808,USDCUSDT,MASKUSDT,0.0,-5.83,-3.37,0.43,13
407,OPUSDT,COTIUSDT,0.03,-3.52,-3.37,10.23,13
94,ACHUSDT,MKRUSDT,0.02,-3.62,-3.37,0.0,13
64,ACHUSDT,AUDIOUSDT,0.04,-3.45,-3.37,0.06,13
82,ACHUSDT,FTTUSDT,0.04,-3.46,-3.37,0.0,13
601,RSRUSDT,NEOUSDT,0.05,-3.37,-3.37,0.0,13
787,USDCUSDT,INJUSDT,0.0,-5.96,-3.37,0.45,13
707,USDCUSDT,ANTUSDT,0.0,-6.0,-3.37,0.56,13
89,ACHUSDT,LDOUSDT,0.01,-3.96,-3.37,0.01,13
13,10000NFTUSDT,LDOUSDT,0.01,-3.94,-3.37,0.0,13
842,WOOUSDT,QTUMUSDT,0.02,-3.69,-3.37,0.06,13
119,ANKRUSDT,HOTUSDT,0.01,-3.9,-3.37,14.44,13
658,STMXUSDT,VETUSDT,0.01,-3.92,-3.37,0.29,13
337,GLMRUSDT,1000LUNCUSDT,0.04,-3.38,-3.37,1.98,13
672,SUNUSDT,AVAXUSDT,0.03,-3.58,-3.37,0.0,13
280,BALUSDT,ACHUSDT,0.01,-3.99,-3.37,570.56,13
50,1INCHUSDT,MANAUSDT,0.03,-3.48,-3.37,0.93,13
91,ACHUSDT,LITUSDT,0.02,-3.68,-3.37,0.01,13
500,REQUSDT,CRVUSDT,0.0,-4.6,-3.37,0.12,13
303,BTCUSDT,ALPHAUSDT,0.0,-5.07,-3.37,176951.31,13
603,SCRTUSDT,C98USDT,0.0,-4.64,-3.37,2.85,12
506,REQUSDT,DARUSDT,0.0,-4.33,-3.37,0.54,12
638,STMXUSDT,CTSIUSDT,0.04,-3.42,-3.37,0.05,12
427,OPUSDT,PAXGUSDT,0.02,-3.77,-3.37,0.0,12
786,USDCUSDT,IMXUSDT,0.0,-6.69,-3.37,1.67,12
674,SUNUSDT,CEEKUSDT,0.03,-3.55,-3.37,0.05,12
768,USDCUSDT,FLMUSDT,0.0,-5.83,-3.37,8.83,12
541,REQUSDT,ILVUSDT,0.0,-4.46,-3.37,0.0,12
828,WAVESUSDT,CELUSDT,0.04,-3.41,-3.37,3.54,12
737,USDCUSDT,CHRUSDT,0.0,-6.12,-3.37,6.69,12
5,10000NFTUSDT,CVCUSDT,0.04,-3.46,-3.37,0.05,12
733,USDCUSDT,CEEKUSDT,0.0,-6.1,-3.37,7.21,12
475,REQUSDT,BANDUSDT,0.0,-4.21,-3.37,0.09,12
346,GLMRUSDT,ALICEUSDT,0.05,-3.38,-3.37,0.29,12
785,USDCUSDT,ILVUSDT,0.0,-6.26,-3.37,0.02,12
636,STMXUSDT,BLZUSDT,0.03,-3.49,-3.37,0.09,12
522,REQUSDT,FILUSDT,0.0,-4.24,-3.37,0.02,12
753,USDCUSDT,DGBUSDT,0.0,-6.21,-3.37,111.45,12
776,USDCUSDT,GMTUSDT,0.0,-5.83,-3.37,1.94,12
752,USDCUSDT,DENTUSDT,0.0,-6.16,-3.37,1144.56,12
597,RSRUSDT,HOTUSDT,0.01,-4.03,-3.37,3.1,11
564,REQUSDT,MATICUSDT,0.0,-4.53,-3.37,0.12,11
65,ACHUSDT,AVAXUSDT,0.04,-3.39,-3.37,0.0,11
481,REQUSDT,BLZUSDT,0.0,-4.5,-3.37,1.4,11
458,REQUSDT,AGLDUSDT,0.0,-4.41,-3.37,0.33,11
809,USDCUSDT,MATICUSDT,0.0,-6.04,-3.37,1.09,11
779,USDCUSDT,GTCUSDT,0.0,-6.18,-3.37,0.55,11
128,ANTUSDT,BICOUSDT,0.03,-3.55,-3.37,4.42,11
398,OPUSDT,1000LUNCUSDT,0.02,-3.6,-3.37,4.41,11
429,OPUSDT,RAYUSDT,0.03,-3.56,-3.37,2.05,11
140,ANTUSDT,MASKUSDT,0.03,-3.56,-3.37,0.77,11
744,USDCUSDT,CRVUSDT,0.0,-6.29,-3.37,1.09,11
620,SHIB1000USDT,XMRUSDT,0.03,-3.52,-3.37,0.0,11
476,REQUSDT,BATUSDT,0.0,-4.32,-3.37,0.37,11
865,XMRUSDT,CKBUSDT,0.01,-4.03,-3.37,42687.31,11
834,WAVESUSDT,ICXUSDT,0.04,-3.4,-3.37,14.52,11
472,REQUSDT,AVAXUSDT,0.0,-4.39,-3.37,0.01,11
536,REQUSDT,HBARUSDT,0.0,-4.43,-3.37,1.83,11
872,XNOUSDT,BAKEUSDT,0.04,-3.47,-3.37,3.04,11
96,ACHUSDT,PEOPLEUSDT,0.03,-3.5,-3.37,0.59,11
130,ANTUSDT,COMPUSDT,0.02,-3.61,-3.37,0.04,11
471,REQUSDT,AUDIOUSDT,0.0,-4.27,-3.37,0.55,11
692,UNIUSDT,1000LUNCUSDT,0.02,-3.65,-3.37,28.84,11
556,REQUSDT,LITUSDT,0.0,-4.46,-3.37,0.13,11
701,USDCUSDT,AGLDUSDT,0.0,-5.84,-3.37,3.02,11
705,USDCUSDT,ALPHAUSDT,0.0,-5.89,-3.37,8.56,10
341,GLMRUSDT,ACHUSDT,0.05,-3.37,-3.37,40.12,10
749,USDCUSDT,CVXUSDT,0.0,-6.14,-3.37,0.18,10
614,SFPUSDT,C98USDT,0.04,-3.42,-3.37,1.26,10
680,SUNUSDT,GMTUSDT,0.02,-3.64,-3.37,0.01,10
592,RSRUSDT,FLOWUSDT,0.03,-3.53,-3.37,0.0,10
34,1000BTTUSDT,UNFIUSDT,0.04,-3.45,-3.37,0.0,10
761,USDCUSDT,ENSUSDT,0.0,-5.92,-3.37,0.06,10
770,USDCUSDT,FTMUSDT,0.0,-5.83,-3.37,4.4,10
289,BATUSDT,ALGOUSDT,0.04,-3.43,-3.37,0.86,10
60,ACHUSDT,ALGOUSDT,0.02,-3.72,-3.37,0.03,10
859,XMRUSDT,BAKEUSDT,0.01,-3.97,-3.37,606.09,10
530,REQUSDT,GALUSDT,0.0,-4.55,-3.37,0.05,10
525,REQUSDT,FLOWUSDT,0.0,-4.31,-3.37,0.07,10
819,VETUSDT,BANDUSDT,0.01,-3.92,-3.37,0.02,10
514,REQUSDT,DYDXUSDT,0.0,-4.39,-3.37,0.07,10
509,REQUSDT,DGBUSDT,0.0,-4.31,-3.37,12.23,10
508,REQUSDT,DENTUSDT,0.0,-4.3,-3.37,125.61,10
489,REQUSDT,CEEKUSDT,0.0,-4.49,-3.37,0.79,10
478,REQUSDT,BELUSDT,0.0,-4.3,-3.37,0.2,10
531,REQUSDT,GLMRUSDT,0.0,-4.34,-3.37,0.23,10
852,XMRUSDT,ALGOUSDT,0.03,-3.57,-3.37,429.44,10
562,REQUSDT,MANAUSDT,0.0,-4.39,-3.37,0.17,10
871,XNOUSDT,ALICEUSDT,0.04,-3.41,-3.37,0.45,10
876,XNOUSDT,GMTUSDT,0.04,-3.44,-3.37,1.44,10
532,REQUSDT,GMTUSDT,0.0,-4.36,-3.37,0.21,10
437,OPUSDT,YFIUSDT,0.03,-3.57,-3.37,0.0,9
462,REQUSDT,ALPHAUSDT,0.0,-4.45,-3.37,0.94,9
3,10000NFTUSDT,BOBAUSDT,0.03,-3.51,-3.37,0.02,9
404,OPUSDT,CELRUSDT,0.01,-3.94,-3.37,69.37,9
818,VETUSDT,BAKEUSDT,0.02,-3.7,-3.37,0.1,9
381,LTCUSDT,1000LUNCUSDT,0.04,-3.44,-3.37,232.25,9
777,USDCUSDT,GMXUSDT,0.0,-6.05,-3.37,0.03,9
709,USDCUSDT,API3USDT,0.0,-5.96,-3.37,0.57,9
129,ANTUSDT,CKBUSDT,0.0,-4.49,-3.37,518.77,9
668,STORJUSDT,PAXGUSDT,0.02,-3.72,-3.37,0.0,9
860,XMRUSDT,BATUSDT,0.02,-3.66,-3.37,497.79,9
288,BATUSDT,1000LUNCUSDT,0.03,-3.54,-3.37,1.23,9
660,STORJUSDT,ASTRUSDT,0.02,-3.68,-3.37,11.51,9
424,OPUSDT,MASKUSDT,0.01,-3.92,-3.37,0.45,9
474,REQUSDT,BAKEUSDT,0.0,-4.36,-3.37,0.45,9
667,STORJUSDT,MINAUSDT,0.02,-3.61,-3.37,0.66,9
86,ACHUSDT,INJUSDT,0.02,-3.61,-3.37,0.01,9
137,ANTUSDT,HNTUSDT,0.01,-3.85,-3.37,0.44,9
533,REQUSDT,GMXUSDT,0.0,-4.48,-3.37,0.0,9
801,USDCUSDT,LITUSDT,0.0,-5.85,-3.37,1.16,9
63,ACHUSDT,ASTRUSDT,0.04,-3.43,-3.37,0.31,9
595,RSRUSDT,GMXUSDT,0.02,-3.72,-3.37,0.0,9
143,ANTUSDT,MKRUSDT,0.0,-4.18,-3.37,0.0,9
461,REQUSDT,ALICEUSDT,0.0,-4.33,-3.37,0.07,8
6,10000NFTUSDT,CVXUSDT,0.0,-4.26,-3.37,0.0,8
826,WAVESUSDT,ARPAUSDT,0.01,-3.84,-3.37,97.32,8
302,BTCUSDT,ALICEUSDT,0.0,-5.09,-3.37,12453.04,8
804,USDCUSDT,LRCUSDT,0.0,-6.19,-3.37,3.69,8
760,USDCUSDT,ENJUSDT,0.0,-5.97,-3.37,2.23,8
449,QTUMUSDT,TRBUSDT,0.02,-3.73,-3.37,0.18,8
782,USDCUSDT,HOTUSDT,0.0,-5.89,-3.37,493.34,8
807,USDCUSDT,MANAUSDT,0.0,-5.86,-3.37,1.53,8
750,USDCUSDT,DARUSDT,0.0,-6.29,-3.37,4.88,8
441,QNTUSDT,1000LUNCUSDT,0.02,-3.71,-3.37,694.47,8
431,OPUSDT,RSS3USDT,0.0,-4.16,-3.37,8.27,8
428,OPUSDT,PEOPLEUSDT,0.01,-3.83,-3.37,53.1,8
722,USDCUSDT,BELUSDT,0.0,-5.89,-3.37,1.79,8
416,OPUSDT,HBARUSDT,0.04,-3.42,-3.37,17.64,8
515,REQUSDT,EGLDUSDT,0.0,-4.48,-3.37,0.0,8
538,REQUSDT,HOTUSDT,0.0,-4.38,-3.37,54.14,8
146,ANTUSDT,REEFUSDT,0.0,-4.57,-3.37,332.93,7
440,PEOPLEUSDT,1000LUNCUSDT,0.01,-3.84,-3.37,0.08,7
710,USDCUSDT,APTUSDT,0.0,-5.84,-3.37,0.12,7
742,USDCUSDT,CREAMUSDT,0.0,-6.05,-3.37,0.08,7
285,BALUSDT,ALICEUSDT,0.04,-3.39,-3.37,4.08,7
662,STORJUSDT,BNBUSDT,0.03,-3.51,-3.37,0.0,7
87,ACHUSDT,JASMYUSDT,0.02,-3.63,-3.37,2.34,7
854,XMRUSDT,APTUSDT,0.04,-3.47,-3.37,17.83,7
264,APEUSDT,MASKUSDT,0.0,-14.19,-3.37,4.19,7
144,ANTUSDT,PAXGUSDT,0.03,-3.53,-3.37,0.0,7
109,AGLDUSDT,PAXGUSDT,0.01,-3.83,-3.37,0.0,7
299,BTCUSDT,AGLDUSDT,0.0,-5.07,-3.37,62394.61,7
125,ANTUSDT,10000NFTUSDT,0.04,-3.45,-3.37,283.29,7
861,XMRUSDT,BICOUSDT,0.03,-3.57,-3.37,363.63,7
293,BTCUSDT,1000LUNCUSDT,0.0,-5.31,-3.37,85963.66,7
127,ANTUSDT,ARUSDT,0.01,-3.88,-3.37,0.17,7
863,XMRUSDT,BNBUSDT,0.01,-4.0,-3.37,0.48,7
142,ANTUSDT,MINAUSDT,0.0,-4.23,-3.37,2.72,7
503,REQUSDT,CTSIUSDT,0.0,-4.39,-3.37,0.8,7
527,REQUSDT,FTTUSDT,0.0,-4.36,-3.37,0.0,7
726,USDCUSDT,BNBUSDT,0.0,-5.93,-3.37,0.0,7
439,OPUSDT,ZENUSDT,0.04,-3.44,-3.37,0.08,7
792,USDCUSDT,JSTUSDT,0.0,-6.53,-3.37,34.29,6
704,USDCUSDT,ALICEUSDT,0.0,-6.01,-3.37,0.6,6
570,REQUSDT,OCEANUSDT,0.0,-4.39,-3.37,0.62,6
858,XMRUSDT,AVAXUSDT,0.03,-3.47,-3.37,8.18,6
849,XMRUSDT,10000NFTUSDT,0.02,-3.63,-3.37,23307.07,6
528,REQUSDT,FXSUSDT,0.0,-4.44,-3.37,0.02,6
505,REQUSDT,CVXUSDT,0.0,-4.52,-3.37,0.02,6
815,USDCUSDT,OCEANUSDT,0.0,-6.98,-3.37,5.67,6
405,OPUSDT,CHZUSDT,0.04,-3.39,-3.37,5.02,6
835,WAVESUSDT,SLPUSDT,0.04,-3.4,-3.37,1008.16,6
715,USDCUSDT,AVAXUSDT,0.0,-5.83,-3.37,0.06,6
78,ACHUSDT,EGLDUSDT,0.01,-3.88,-3.37,0.0,6
401,OPUSDT,ASTRUSDT,0.0,-4.44,-3.37,27.79,6
493,REQUSDT,CHRUSDT,0.0,-4.31,-3.37,0.73,6
719,USDCUSDT,BANDUSDT,0.0,-5.98,-3.37,0.87,6
284,BALUSDT,ALGOUSDT,0.02,-3.75,-3.37,19.7,6
467,REQUSDT,APTUSDT,0.0,-4.9,-3.37,0.01,5
866,XMRUSDT,COMPUSDT,0.02,-3.61,-3.37,2.91,5
703,USDCUSDT,ALGOUSDT,0.0,-5.99,-3.37,2.91,5
100,ACHUSDT,RSS3USDT,0.01,-3.85,-3.37,0.09,5
502,REQUSDT,CTKUSDT,0.0,-4.61,-3.37,0.13,5
141,ANTUSDT,MATICUSDT,0.04,-3.42,-3.37,1.96,5
15,10000NFTUSDT,LINKUSDT,0.04,-3.4,-3.37,0.0,5
138,ANTUSDT,KAVAUSDT,0.01,-3.96,-3.37,1.2,5
535,REQUSDT,GTCUSDT,0.0,-4.39,-3.37,0.06,5
136,ANTUSDT,ENSUSDT,0.02,-3.76,-3.37,0.1,5
856,XMRUSDT,ASTRUSDT,0.02,-3.6,-3.37,3883.32,5
553,REQUSDT,LDOUSDT,0.0,-4.62,-3.37,0.07,5
90,ACHUSDT,LINKUSDT,0.02,-3.65,-3.37,0.0,5
139,ANTUSDT,LDOUSDT,0.03,-3.57,-3.37,1.11,5
732,USDCUSDT,C98USDT,0.0,-6.5,-3.37,3.11,4
773,USDCUSDT,GALAUSDT,0.0,-5.84,-3.37,26.02,4
345,GLMRUSDT,ALGOUSDT,0.04,-3.39,-3.37,1.39,4
488,REQUSDT,C98USDT,0.0,-4.49,-3.37,0.34,4
613,SCRTUSDT,TRBUSDT,0.02,-3.75,-3.37,0.06,4
717,USDCUSDT,BAKEUSDT,0.0,-5.84,-3.37,4.1,4
816,USDCUSDT,OGNUSDT,0.0,-6.59,-3.37,7.33,4
791,USDCUSDT,JASMYUSDT,0.0,-5.83,-3.37,197.56,3
798,USDCUSDT,LDOUSDT,0.0,-6.13,-3.37,0.62,3
730,USDCUSDT,BSWUSDT,0.0,-5.94,-3.37,4.06,3
850,XMRUSDT,1000LUNCUSDT,0.04,-3.41,-3.37,614.16,3
867,XMRUSDT,CREAMUSDT,0.02,-3.62,-3.37,12.29,3
134,ANTUSDT,CVXUSDT,0.03,-3.58,-3.37,0.32,3
99,ACHUSDT,RNDRUSDT,0.02,-3.65,-3.37,0.02,3
529,REQUSDT,GALAUSDT,0.0,-4.63,-3.37,2.85,3
634,STMXUSDT,BAKEUSDT,0.04,-3.41,-3.37,0.03,3
565,REQUSDT,MINAUSDT,0.0,-4.37,-3.37,0.17,3
101,ACHUSDT,SANDUSDT,0.03,-3.51,-3.37,0.01,3
486,REQUSDT,BSWUSDT,0.0,-4.54,-3.37,0.45,3
602,SCRTUSDT,BSWUSDT,0.03,-3.48,-3.37,3.73,3
68,ACHUSDT,BNBUSDT,0.01,-3.79,-3.37,0.0,3
259,APEUSDT,LPTUSDT,0.0,-14.19,-3.37,1.3,2
268,APEUSDT,MTLUSDT,0.0,-14.12,-3.37,12.13,2
256,APEUSDT,LINKUSDT,0.0,-14.23,-3.37,1.59,2
772,USDCUSDT,FXSUSDT,0.0,-5.87,-3.37,0.15,2
263,APEUSDT,MANAUSDT,0.0,-14.15,-3.37,18.63,2
273,APEUSDT,OMGUSDT,0.0,-14.13,-3.37,7.46,2
267,APEUSDT,MKRUSDT,0.0,-14.13,-3.37,0.01,2
269,APEUSDT,NEARUSDT,0.0,-14.13,-3.37,4.0,2
255,APEUSDT,LINAUSDT,0.0,-14.13,-3.37,1508.19,2
794,USDCUSDT,KDAUSDT,0.0,-5.81,-3.37,0.0,2
771,USDCUSDT,FTTUSDT,0.0,-5.85,-3.37,0.04,2
253,APEUSDT,KSMUSDT,0.0,-14.13,-3.37,0.35,2
270,APEUSDT,NEOUSDT,0.0,-14.12,-3.37,1.43,2
271,APEUSDT,OCEANUSDT,0.0,-14.18,-3.37,72.19,2
251,APEUSDT,KLAYUSDT,0.0,-14.15,-3.37,50.0,2
254,APEUSDT,LDOUSDT,0.0,-14.16,-3.37,7.76,2
301,BTCUSDT,ALGOUSDT,0.0,-5.28,-3.37,60070.24,2
257,APEUSDT,LITUSDT,0.0,-14.16,-3.37,13.65,2
800,USDCUSDT,LINKUSDT,0.0,-5.89,-3.37,0.13,2
272,APEUSDT,OGNUSDT,0.0,-14.07,-3.37,92.79,2
252,APEUSDT,KNCUSDT,0.0,-14.13,-3.37,13.55,2
258,APEUSDT,LOOKSUSDT,0.0,-14.13,-3.37,55.48,2
260,APEUSDT,LRCUSDT,0.0,-14.12,-3.37,45.63,2
178,APEUSDT,BELUSDT,0.0,-14.18,-3.37,21.66,2
150,APEUSDT,10000NFTUSDT,0.0,-14.12,-3.37,1942.13,2
363,KDAUSDT,ACHUSDT,0.0,-8.63,-3.37,1624.41,2
370,KDAUSDT,ANKRUSDT,0.0,-8.55,-3.37,639.75,2
216,APEUSDT,ENJUSDT,0.0,-14.13,-3.37,27.26,2
369,KDAUSDT,ALPHAUSDT,0.0,-8.52,-3.37,158.6,2
215,APEUSDT,EGLDUSDT,0.0,-14.25,-3.37,0.21,2
214,APEUSDT,DYDXUSDT,0.0,-14.15,-3.37,7.5,2
368,KDAUSDT,ALICEUSDT,0.0,-8.54,-3.37,11.11,2
367,KDAUSDT,ALGOUSDT,0.0,-8.59,-3.37,52.65,2
366,KDAUSDT,AKROUSDT,0.0,-8.53,-3.37,5185.97,2
213,APEUSDT,DUSKUSDT,0.0,-14.16,-3.37,94.46,2
365,KDAUSDT,AGLDUSDT,0.0,-8.6,-3.37,54.72,2
364,KDAUSDT,ADAUSDT,0.0,-8.54,-3.37,45.64,2
212,APEUSDT,DOTUSDT,0.0,-14.26,-3.37,1.85,2
211,APEUSDT,DOGEUSDT,0.0,-14.19,-3.37,95.03,2
210,APEUSDT,DODOUSDT,0.0,-14.13,-3.37,92.08,2
209,APEUSDT,DGBUSDT,0.0,-14.14,-3.37,1359.77,2
200,APEUSDT,CRVUSDT,0.0,-14.12,-3.37,13.44,2
208,APEUSDT,DENTUSDT,0.0,-14.13,-3.37,14039.82,2
362,KDAUSDT,AAVEUSDT,0.0,-8.51,-3.37,0.22,2
207,APEUSDT,DASHUSDT,0.0,-14.11,-3.37,0.29,2
361,KDAUSDT,1INCHUSDT,0.0,-8.52,-3.37,30.41,2
206,APEUSDT,DARUSDT,0.0,-14.13,-3.37,60.34,2
360,KDAUSDT,1000XECUSDT,0.0,-8.53,-3.37,490.55,2
151,APEUSDT,1000BTTUSDT,0.0,-14.13,-3.37,14947.52,2
205,APEUSDT,CVXUSDT,0.0,-14.19,-3.37,2.28,2
358,KDAUSDT,1000BTTUSDT,0.0,-8.54,-3.37,22770.95,2
204,APEUSDT,CVCUSDT,0.0,-14.14,-3.37,99.81,2
357,KDAUSDT,10000NFTUSDT,0.0,-8.59,-3.37,2966.83,2
203,APEUSDT,CTSIUSDT,0.0,-14.18,-3.37,88.16,2
550,REQUSDT,KDAUSDT,0.0,-4.69,-3.37,0.0,2
202,APEUSDT,CTKUSDT,0.0,-14.12,-3.37,14.85,2
217,APEUSDT,ENSUSDT,0.0,-14.13,-3.37,0.72,2
218,APEUSDT,EOSUSDT,0.0,-14.14,-3.37,10.76,2
465,REQUSDT,APEUSDT,0.0,-4.5,-3.37,0.0,2
219,APEUSDT,ETCUSDT,0.0,-14.14,-3.37,0.5,2
241,APEUSDT,ILVUSDT,0.0,-14.13,-3.37,0.19,2
240,APEUSDT,ICXUSDT,0.0,-14.13,-3.37,52.89,2
239,APEUSDT,ICPUSDT,0.0,-14.12,-3.37,2.36,2
238,APEUSDT,HOTUSDT,0.0,-14.14,-3.37,6016.89,2
242,APEUSDT,IMXUSDT,0.0,-14.14,-3.37,20.68,2
261,APEUSDT,LTCUSDT,0.0,-14.14,-3.37,0.22,2
237,APEUSDT,HNTUSDT,0.0,-14.14,-3.37,3.08,2
236,APEUSDT,HBARUSDT,0.0,-14.19,-3.37,202.42,2
235,APEUSDT,GTCUSDT,0.0,-14.2,-3.37,6.41,2
234,APEUSDT,GRTUSDT,0.0,-14.14,-3.37,147.27,2
233,APEUSDT,GMXUSDT,0.0,-14.15,-3.37,0.33,2
232,APEUSDT,GMTUSDT,0.0,-14.12,-3.37,24.0,2
231,APEUSDT,GLMRUSDT,0.0,-14.17,-3.37,25.52,2
230,APEUSDT,GALUSDT,0.0,-14.13,-3.37,5.73,2
229,APEUSDT,GALAUSDT,0.0,-14.19,-3.37,304.97,2
243,APEUSDT,INJUSDT,0.0,-14.17,-3.37,5.32,2
228,APEUSDT,FXSUSDT,0.0,-14.18,-3.37,1.85,2
244,APEUSDT,IOSTUSDT,0.0,-14.13,-3.37,1073.63,2
227,APEUSDT,FTTUSDT,0.0,-14.2,-3.37,0.48,2
245,APEUSDT,IOTAUSDT,0.0,-14.12,-3.37,47.63,2
226,APEUSDT,FTMUSDT,0.0,-14.17,-3.37,53.33,2
225,APEUSDT,FLOWUSDT,0.0,-14.13,-3.37,7.29,2
224,APEUSDT,FLMUSDT,0.0,-14.14,-3.37,107.76,2
223,APEUSDT,FITFIUSDT,0.0,-14.19,-3.37,231.78,2
222,APEUSDT,FILUSDT,0.0,-14.14,-3.37,2.27,2
221,APEUSDT,ETHWUSDT,0.0,-14.15,-3.37,1.89,2
371,KDAUSDT,ANTUSDT,0.0,-8.54,-3.37,10.26,2
220,APEUSDT,ETHUSDT,0.0,-13.95,-3.37,0.01,2
460,REQUSDT,ALGOUSDT,0.0,-4.68,-3.37,0.32,2
201,APEUSDT,CTCUSDT,0.0,-14.22,-3.37,22.55,2
359,KDAUSDT,1000LUNCUSDT,0.0,-8.56,-3.37,78.64,2
571,REQUSDT,OGNUSDT,0.0,-4.69,-3.37,0.8,2
172,APEUSDT,AXSUSDT,0.0,-14.12,-3.37,1.35,2
659,STMXUSDT,WAVESUSDT,0.02,-3.66,-3.37,0.0,2
167,APEUSDT,ARPAUSDT,0.0,-14.13,-3.37,354.56,2
168,APEUSDT,ARUSDT,0.0,-14.13,-3.37,1.17,2
169,APEUSDT,ASTRUSDT,0.0,-14.18,-3.37,315.1,2
170,APEUSDT,AUDIOUSDT,0.0,-14.2,-3.37,60.58,2
171,APEUSDT,AVAXUSDT,0.0,-14.21,-3.37,0.66,2
199,APEUSDT,CROUSDT,0.0,-14.11,-3.37,109.18,2
180,APEUSDT,BITUSDT,0.0,-14.29,-3.37,28.55,2
250,APEUSDT,KDAUSDT,0.0,-14.13,-3.37,0.0,2
173,APEUSDT,BAKEUSDT,0.0,-14.2,-3.37,49.31,2
174,APEUSDT,BALUSDT,0.0,-14.16,-3.37,1.83,2
175,APEUSDT,BANDUSDT,0.0,-14.2,-3.37,10.48,2
176,APEUSDT,BATUSDT,0.0,-14.18,-3.37,40.85,2
177,APEUSDT,BCHUSDT,0.0,-14.16,-3.37,0.11,2
166,APEUSDT,APTUSDT,0.0,-14.26,-3.37,1.58,2
165,APEUSDT,API3USDT,0.0,-14.14,-3.37,6.9,2
164,APEUSDT,ANTUSDT,0.0,-14.13,-3.37,6.8,2
163,APEUSDT,ANKRUSDT,0.0,-14.11,-3.37,419.07,2
162,APEUSDT,ALPHAUSDT,0.0,-14.2,-3.37,103.94,2
161,APEUSDT,ALICEUSDT,0.0,-14.15,-3.37,7.32,2
160,APEUSDT,ALGOUSDT,0.0,-14.22,-3.37,34.91,2
159,APEUSDT,AKROUSDT,0.0,-14.13,-3.37,3402.35,2
158,APEUSDT,AGLDUSDT,0.0,-14.22,-3.37,36.24,2
157,APEUSDT,ADAUSDT,0.0,-14.13,-3.37,30.0,2
156,APEUSDT,ACHUSDT,0.0,-14.14,-3.37,1039.47,2
155,APEUSDT,AAVEUSDT,0.0,-14.14,-3.37,0.15,2
708,USDCUSDT,APEUSDT,0.0,-5.85,-3.37,0.0,2
154,APEUSDT,1INCHUSDT,0.0,-14.13,-3.37,20.06,2
153,APEUSDT,1000XECUSDT,0.0,-14.11,-3.37,322.25,2
262,APEUSDT,LUNA2USDT,0.0,-14.1,-3.37,5.06,2
152,APEUSDT,1000LUNCUSDT,0.0,-14.13,-3.37,51.62,2
179,APEUSDT,BICOUSDT,0.0,-14.13,-3.37,30.11,2
265,APEUSDT,MATICUSDT,0.0,-14.12,-3.37,13.44,2
248,APEUSDT,JSTUSDT,0.0,-14.13,-3.37,418.79,2
189,APEUSDT,CEEKUSDT,0.0,-14.25,-3.37,85.3,2
197,APEUSDT,COTIUSDT,0.0,-14.16,-3.37,120.05,2
196,APEUSDT,COMPUSDT,0.0,-14.13,-3.37,0.24,2
195,APEUSDT,CKBUSDT,0.0,-14.18,-3.37,3584.38,2
198,APEUSDT,CREAMUSDT,0.0,-14.12,-3.37,1.03,2
194,APEUSDT,CHZUSDT,0.0,-14.17,-3.37,56.39,2
181,APEUSDT,BLZUSDT,0.0,-14.13,-3.37,156.35,2
249,APEUSDT,KAVAUSDT,0.0,-14.13,-3.37,8.29,2
193,APEUSDT,CHRUSDT,0.0,-14.13,-3.37,82.39,2
192,APEUSDT,CELUSDT,0.0,-14.13,-3.37,12.91,2
191,APEUSDT,CELRUSDT,0.0,-14.12,-3.37,804.92,2
190,APEUSDT,CELOUSDT,0.0,-14.12,-3.37,17.07,2
266,APEUSDT,MINAUSDT,0.0,-14.19,-3.37,17.71,2
247,APEUSDT,JASMYUSDT,0.0,-14.2,-3.37,2318.59,2
186,APEUSDT,BSWUSDT,0.0,-14.29,-3.37,51.85,2
183,APEUSDT,BNXUSDT,0.0,-14.13,-3.37,0.09,2
188,APEUSDT,C98USDT,0.0,-14.15,-3.37,37.59,2
182,APEUSDT,BNBUSDT,0.0,-14.23,-3.37,0.04,2
187,APEUSDT,BTCUSDT,0.0,-14.15,-3.37,0.0,2
246,APEUSDT,IOTXUSDT,0.0,-14.13,-3.37,429.82,2
609,SCRTUSDT,OGNUSDT,0.02,-3.6,-3.37,6.72,2
185,APEUSDT,BSVUSDT,0.0,-14.11,-3.37,0.26,2
184,APEUSDT,BOBAUSDT,0.0,-14.13,-3.37,41.75,2
410,OPUSDT,CTCUSDT,0.0,-4.12,-3.37,2.16,1
77,ACHUSDT,DOGEUSDT,0.02,-3.67,-3.37,0.11,1
738,USDCUSDT,CHZUSDT,0.0,-6.05,-3.37,4.75,1
810,USDCUSDT,MINAUSDT,0.0,-5.94,-3.37,1.51,1
745,USDCUSDT,CTCUSDT,0.0,-5.96,-3.37,2.05,1
126,ANTUSDT,APTUSDT,0.01,-3.94,-3.37,0.22,1
555,REQUSDT,LINKUSDT,0.0,-4.64,-3.37,0.01,1
547,REQUSDT,JASMYUSDT,0.0,-4.46,-3.37,21.68,1
4,10000NFTUSDT,CHZUSDT,0.02,-3.65,-3.37,0.03,1
713,USDCUSDT,ASTRUSDT,0.0,-6.48,-3.37,26.28,1
75,ACHUSDT,CTCUSDT,0.01,-3.77,-3.37,0.02,1
8,10000NFTUSDT,EGLDUSDT,0.01,-3.82,-3.37,0.0,1
2,10000NFTUSDT,ASTRUSDT,0.02,-3.73,-3.37,0.17,1
482,REQUSDT,BNBUSDT,0.0,-4.53,-3.37,0.0,1
412,OPUSDT,DOGEUSDT,0.01,-3.91,-3.37,9.4,1
869,XMRUSDT,CTCUSDT,0.0,-4.29,-3.37,303.26,1
868,XMRUSDT,CRVUSDT,0.01,-3.89,-3.37,160.89,1
83,ACHUSDT,GALAUSDT,0.02,-3.6,-3.37,0.31,1
755,USDCUSDT,DOGEUSDT,0.0,-5.85,-3.37,8.91,1
665,STORJUSDT,DOGEUSDT,0.01,-3.91,-3.37,3.92,1
664,STORJUSDT,CTCUSDT,0.01,-3.78,-3.37,0.9,1
1,10000NFTUSDT,ALGOUSDT,0.02,-3.73,-3.37,0.02,1
511,REQUSDT,DOGEUSDT,0.0,-4.44,-3.37,0.98,1
69,ACHUSDT,CHZUSDT,0.02,-3.71,-3.37,0.06,1
501,REQUSDT,CTCUSDT,0.0,-4.54,-3.37,0.22,1
132,ANTUSDT,CRVUSDT,0.04,-3.42,-3.37,1.96,1
494,REQUSDT,CHZUSDT,0.0,-4.73,-3.37,0.52,1
470,REQUSDT,ASTRUSDT,0.0,-4.42,-3.37,2.88,1
135,ANTUSDT,DOGEUSDT,0.03,-3.56,-3.37,16.1,1
133,ANTUSDT,CTCUSDT,0.02,-3.63,-3.37,3.69,1
